code,performance_notes,other_sensitive_notes
001,,
004,,
006,,
009,,
012,,
016,,
021,,
030,,
038,,
045,,
046,,
057,,
058,,
064,,
068,,
069,,
070,,
072,,
084,,
096,,
098,,
104,,
105,,
106,,
107,,
127,,
128,,
130,,
134,,
139,,
144,,
166,,
169,,
170,,
174,,
175,,
176,,
178,,
179,,
181,,
182,,
183,,
185,,
186,,
187,,
188,,
191,,
192,,
193,,
195,,
196,,
198,,
199,,
200,,
201,,
202,,
203,,
204,,
206,,
207,,
208,,
209,,
212,,
214,,
215,,
216,,
217,,
219,,
220,,
221,,
222,,
224,,
225,,
227,,
228,,
229,,
230,,
231,,
232,,
233,,
235,,
244,,
